question_id,subject_id
716,"[0, 1, 5, 98, 147, 167]"
343,"[0, 1, 8, 173]"
1681,"[0, 1, 12, 176]"
834,"[0, 1, 12, 177]"
840,"[0, 17, 29, 116]"
341,"[0, 17, 32, 104]"
1536,"[0, 39, 41, 42]"
676,"[0, 39, 47, 212]"
810,"[0, 39, 65, 152]"
1540,"[0, 68, 71, 76, 242]"
567,"[0, 68, 82, 242]"
24,"[0, 68, 83, 238, 239, 242]"
363,"[0, 17, 29, 116]"
1210,"[0, 17, 32, 104]"
526,"[0, 68, 76, 242]"
245,"[0, 68, 77, 245]"
859,"[0, 68, 245, 247]"
1696,"[0, 68, 245, 247]"
532,"[0, 68, 245, 247]"
1634,"[0, 68, 83, 238, 239, 242]"
1684,"[0, 68, 69, 83, 238, 242]"
632,"[0, 1, 6, 163]"
515,"[0, 1, 6, 163]"
1369,"[0, 1, 8, 169]"
692,"[0, 1, 8, 168]"
1552,"[0, 1, 9, 190]"
974,"[0, 1, 9, 17, 30, 190, 195]"
260,"[0, 39, 57, 215]"
1348,"[0, 17, 24, 39, 64, 107, 225, 326]"
610,"[0, 17, 31, 104]"
1314,"[0, 17, 23, 209]"
684,"[0, 17, 23, 209]"
881,"[0, 17, 24, 36, 107, 110]"
1162,"[0, 17, 24, 36, 107, 110]"
833,"[0, 17, 32, 104]"
1616,"[0, 39, 42, 44]"
744,"[0, 39, 42, 44]"
1370,"[0, 39, 42, 127]"
1066,"[0, 39, 43, 123]"
380,"[0, 39, 42, 126]"
998,"[0, 39, 42, 127]"
197,"[0, 17, 22, 202]"
68,"[0, 39, 50, 137]"
222,"[0, 39, 66, 227]"
819,"[0, 39, 61, 221]"
1131,"[0, 1, 5, 165]"
1574,"[0, 1, 5, 165]"
570,"[0, 39, 59, 221]"
1152,"[0, 1, 12, 177]"
1283,"[0, 1, 12, 178]"
1366,"[0, 1, 96, 157]"
97,"[0, 1, 96, 157]"
249,"[0, 17, 27, 114]"
748,"[0, 68, 74, 242]"
1724,"[0, 68, 74, 242]"
932,"[0, 17, 28, 105]"
758,"[0, 17, 28, 105]"
382,"[0, 1, 12, 177]"
1623,"[0, 17, 105, 106]"
1168,"[0, 17, 36, 110]"
1016,"[0, 1, 14, 183]"
1482,"[0, 1, 16, 191, 192]"
709,"[0, 39, 42, 46]"
1255,"[0, 17, 32, 104]"
255,"[0, 68, 238, 240]"
1049,"[0, 1, 11, 155]"
854,"[0, 1, 3, 96]"
595,"[0, 1, 3, 96]"
183,"[0, 1, 3, 96]"
576,"[0, 68, 72, 242]"
1451,"[0, 68, 72, 242]"
1589,"[0, 1, 98, 150]"
67,"[0, 1, 98, 150]"
912,"[0, 1, 6, 164]"
1217,"[0, 68, 245, 246]"
1326,"[0, 1, 98, 145, 147]"
19,"[0, 39, 56, 214]"
96,"[0, 1, 16, 191]"
1386,"[0, 17, 22, 203]"
169,"[0, 17, 24, 107]"
1015,"[0, 39, 54, 121]"
902,"[0, 1, 98, 150]"
966,"[0, 1, 98, 150]"
1486,"[0, 39, 64, 222]"
1068,"[0, 17, 27, 115]"
1514,"[0, 17, 23, 210]"
1071,"[0, 17, 23, 210]"
288,"[0, 39, 58, 220]"
977,"[0, 39, 58, 219]"
605,"[0, 39, 58, 219]"
444,"[0, 39, 58, 218]"
1627,"[0, 68, 70, 238]"
1356,"[0, 39, 45, 131]"
506,"[0, 17, 36, 111]"
176,"[0, 17, 29, 116]"
917,"[0, 17, 29, 117]"
1121,"[0, 39, 64, 222]"
1690,"[0, 1, 96, 156]"
398,"[0, 86, 89, 276]"
524,"[0, 86, 99, 281]"
1464,"[0, 1, 9, 190]"
1640,"[0, 17, 30, 196]"
1282,"[0, 17, 33, 104]"
1736,"[0, 68, 82, 242]"
753,"[0, 1, 10, 232]"
956,"[0, 1, 10, 232]"
886,"[0, 1, 10, 232]"
1143,"[0, 1, 98, 146]"
464,"[0, 1, 98, 146, 147]"
461,"[0, 39, 65, 152]"
431,"[0, 17, 103, 199]"
774,"[0, 17, 22, 205]"
292,"[0, 1, 8, 174]"
1556,"[0, 1, 96, 158]"
734,"[0, 17, 22, 49, 204, 269]"
816,"[0, 39, 43, 123]"
212,"[0, 39, 42, 128]"
1459,"[0, 39, 215, 216]"
936,"[0, 39, 57, 215, 216]"
1055,"[0, 39, 215, 216]"
542,"[0, 68, 70, 72, 238, 242]"
1259,"[0, 68, 72, 242]"
622,"[0, 1, 98, 146, 147]"
201,"[0, 1, 11, 154]"
1449,"[0, 39, 53, 123]"
1198,"[0, 68, 71, 242]"
1607,"[0, 17, 29, 116]"
41,"[0, 17, 29, 117]"
1702,"[0, 1, 8, 168, 171]"
685,"[0, 1, 5, 166]"
588,"[0, 68, 69, 238]"
826,"[0, 17, 30, 194]"
1492,"[0, 17, 29, 116]"
35,"[0, 39, 59, 221]"
1264,"[0, 39, 65, 139]"
386,"[0, 39, 65, 139]"
624,"[0, 1, 232, 233]"
88,"[0, 68, 69, 238]"
1421,"[0, 17, 49, 266]"
1208,"[0, 17, 49, 266]"
1180,"[0, 17, 31, 104]"
456,"[0, 39, 42, 46]"
69,"[0, 39, 66, 227]"
267,"[0, 39, 66, 227]"
1230,"[0, 17, 30, 38, 194]"
594,"[0, 1, 9, 190]"
1398,"[0, 39, 56, 214]"
1406,"[0, 39, 67, 134]"
157,"[0, 1, 13, 187]"
349,"[0, 1, 13, 186]"
1676,"[0, 1, 98, 149]"
621,"[0, 17, 36, 111]"
465,"[0, 17, 35, 105]"
1437,"[0, 1, 98, 146]"
812,"[0, 1, 98, 146]"
1641,"[0, 1, 8, 168, 169]"
1388,"[0, 1, 8, 173]"
603,"[0, 39, 51, 55, 119]"
392,"[0, 1, 11, 153]"
929,"[0, 1, 5, 167]"
1548,"[0, 1, 96, 157]"
61,"[0, 1, 12, 177]"
943,"[0, 1, 14, 184]"
522,"[0, 68, 242, 244]"
339,"[0, 39, 65, 67, 134, 141]"
1694,"[0, 39, 67, 134]"
229,"[0, 68, 75, 242]"
393,"[0, 68, 73, 242]"
1239,"[0, 39, 64, 222]"
1716,"[0, 68, 79, 245]"
1562,"[0, 68, 79, 245]"
749,"[0, 17, 102, 235]"
1090,"[0, 1, 6, 164]"
1550,"[0, 1, 6, 164]"
795,"[0, 68, 72, 242]"
479,"[0, 68, 71, 242]"
1606,"[0, 68, 71, 242]"
365,"[0, 68, 71, 242]"
517,"[0, 39, 59, 221]"
873,"[0, 1, 14, 185]"
1436,"[0, 1, 14, 185]"
927,"[0, 1, 232, 233]"
1750,"[0, 1, 8, 169]"
1099,"[0, 68, 83, 242]"
707,"[0, 17, 27, 112]"
1543,"[0, 17, 32, 104]"
202,"[0, 1, 98, 146]"
1480,"[0, 17, 198, 308]"
1693,"[0, 1, 5, 166]"
195,"[0, 1, 12, 176]"
756,"[0, 39, 43, 123]"
258,"[0, 39, 42, 283]"
1435,"[0, 39, 42, 283]"
986,"[0, 68, 70, 238]"
921,"[0, 17, 33, 104]"
934,"[0, 39, 64, 223]"
1430,"[0, 17, 28, 105]"
1711,"[0, 39, 47, 212]"
863,"[0, 17, 35, 105]"
1035,"[0, 1, 9, 189]"
591,"[0, 17, 30, 102, 194, 195, 196, 235]"
599,"[0, 17, 102, 235]"
137,"[0, 39, 42, 283]"
658,"[0, 17, 33, 104]"
706,"[0, 1, 13, 186]"
644,"[0, 17, 35, 105]"
1294,"[0, 39, 67, 133]"
375,"[0, 39, 65, 141]"
722,"[0, 39, 65, 139]"
954,"[0, 17, 32, 104]"
1358,"[0, 1, 96, 156]"
1355,"[0, 1, 98, 145, 146]"
91,"[0, 39, 42, 283]"
623,"[0, 1, 14, 234]"
655,"[0, 1, 39, 65, 96, 139, 159]"
1475,"[0, 1, 39, 65, 96, 139, 159]"
1772,"[0, 17, 30, 38]"
1091,"[0, 17, 30, 38]"
590,"[0, 17, 30, 38]"
1206,"[0, 86, 99, 281]"
1263,"[0, 17, 23, 33, 104, 211]"
370,"[0, 17, 37, 104]"
1184,"[0, 17, 29, 118]"
1413,"[0, 1, 11, 154, 155]"
769,"[0, 1, 8, 168]"
1594,"[0, 1, 11, 155]"
1651,"[0, 17, 22, 203, 205, 300]"
1107,"[0, 17, 31, 104]"
1172,"[0, 68, 242, 374]"
1742,"[0, 68, 242, 374]"
276,"[0, 1, 6, 163]"
1440,"[0, 39, 48, 215]"
1579,"[0, 17, 36, 110]"
738,"[0, 17, 24, 39, 64, 107, 222]"
976,"[0, 1, 3, 39, 43, 96, 123]"
1241,"[0, 17, 198, 308]"
148,"[0, 17, 198, 308]"
1185,"[0, 1, 98, 144, 146, 148]"
1457,"[0, 1, 12, 179]"
92,"[0, 17, 18, 27, 102, 113]"
1429,"[0, 1, 9, 11, 155, 188, 190]"
1036,"[0, 39, 62, 66, 221, 226]"
1221,"[0, 1, 7, 14, 180, 181, 184]"
1608,"[0, 1, 9, 188]"
919,"[0, 1, 7, 180]"
786,"[0, 1, 5, 11, 98, 145, 153, 165]"
900,"[0, 1, 6, 162]"
527,"[0, 1, 6, 163]"
781,"[0, 1, 6, 163]"
1732,"[0, 1, 6, 162]"
973,"[0, 1, 6, 164]"
1367,"[0, 1, 98, 147]"
101,"[0, 39, 64, 222]"
1339,"[0, 1, 6, 163]"
416,"[0, 17, 29, 116]"
1257,"[0, 1, 7, 180]"
483,"[0, 39, 67, 133]"
659,"[0, 17, 19, 102]"
788,"[0, 39, 123, 124]"
1669,"[0, 39, 42, 127]"
1703,"[0, 39, 42, 44]"
228,"[0, 39, 43, 123]"
1020,"[0, 17, 30, 38]"
711,"[0, 86, 99, 279]"
463,"[0, 1, 8, 168]"
596,"[0, 1, 7, 180]"
49,"[0, 1, 8, 173]"
1447,"[0, 1, 7, 312]"
763,"[0, 39, 53, 123]"
521,"[0, 17, 30, 38]"
1587,"[0, 1, 96, 158]"
1109,"[0, 1, 3, 96]"
165,"[0, 68, 76, 242]"
1566,"[0, 68, 73, 238, 240, 242]"
968,"[0, 68, 76, 242]"
1001,"[0, 68, 73, 242]"
631,"[0, 1, 12, 179]"
535,"[0, 1, 98, 151]"
760,"[0, 17, 29, 118]"
410,"[0, 1, 6, 164]"
1706,"[0, 17, 22, 206]"
300,"[0, 17, 49, 268]"
922,"[0, 17, 22, 206]"
40,"[0, 1, 12, 176]"
914,"[0, 39, 45, 130, 131]"
984,"[0, 39, 42, 51, 119, 128]"
62,"[0, 39, 42, 126, 128]"
799,"[0, 1, 8, 173]"
645,"[0, 1, 9, 188]"
79,"[0, 1, 9, 17, 30, 190, 195, 196]"
636,"[0, 68, 242, 244]"
1191,"[0, 17, 21, 103]"
1709,"[0, 1, 7, 180]"
635,"[0, 1, 9, 15]"
1309,"[0, 1, 9, 15]"
800,"[0, 86, 91, 286]"
1420,"[0, 1, 7, 180]"
122,"[0, 17, 35, 105]"
161,"[0, 1, 9, 190]"
867,"[0, 1, 3, 96]"
780,"[0, 17, 30, 195]"
572,"[0, 17, 30, 196]"
1632,"[0, 17, 198, 308]"
210,"[0, 17, 18, 102]"
1333,"[0, 39, 53, 123]"
317,"[0, 1, 16, 191]"
1189,"[0, 1, 16, 193]"
589,"[0, 1, 6, 162]"
1521,"[0, 1, 98, 146, 149]"
306,"[0, 1, 98, 369]"
509,"[0, 1, 98, 350, 377]"
861,"[0, 39, 59, 221]"
523,"[0, 68, 245, 246]"
710,"[0, 1, 5, 165]"
1192,"[0, 1, 11, 154]"
373,"[0, 1, 6, 162]"
1648,"[0, 1, 9, 188]"
1427,"[0, 1, 98, 150]"
704,"[0, 1, 12, 177]"
1289,"[0, 1, 12, 176]"
574,"[0, 1, 12, 178]"
217,"[0, 68, 245, 247]"
1405,"[0, 1, 6, 164]"
1559,"[0, 1, 6, 163]"
452,"[0, 1, 9, 188, 189]"
186,"[0, 39, 67, 134]"
313,"[0, 39, 64, 222]"
1303,"[0, 39, 64, 222]"
1394,"[0, 39, 52, 121]"
144,"[0, 1, 14, 183, 234]"
1649,"[0, 39, 67, 133]"
687,"[0, 68, 80, 237]"
713,"[0, 68, 80, 237]"
708,"[0, 1, 16, 192]"
657,"[0, 39, 50, 138]"
850,"[0, 39, 50, 138]"
25,"[0, 17, 23, 209]"
1655,"[0, 17, 23, 298]"
1223,"[0, 68, 72, 242]"
1213,"[0, 68, 74, 242]"
1216,"[0, 68, 78, 245]"
240,"[0, 1, 7, 98, 145, 180]"
1582,"[0, 68, 238, 241]"
1462,"[0, 1, 6, 162]"
1680,"[0, 1, 6, 162]"
1446,"[0, 1, 7, 181]"
1108,"[0, 17, 29, 116, 118]"
1070,"[0, 39, 55, 119]"
742,"[0, 39, 57, 215]"
1598,"[0, 1, 5, 8, 98, 146, 147, 165, 171]"
257,"[0, 17, 27, 115]"
545,"[0, 17, 31, 104]"
617,"[0, 1, 98, 146]"
457,"[0, 17, 31, 104]"
882,"[0, 17, 31, 104]"
147,"[0, 17, 23, 33, 104, 211]"
501,"[0, 17, 33, 104]"
1663,"[0, 17, 23, 36, 110, 209]"
505,"[0, 17, 26, 107]"
378,"[0, 1, 13, 17, 187, 326]"
1251,"[0, 39, 62, 221]"
627,"[0, 1, 12, 177]"
355,"[0, 17, 198, 308]"
583,"[0, 1, 8, 171]"
1619,"[0, 1, 8, 174]"
459,"[0, 1, 7, 312]"
1393,"[0, 1, 96, 157]"
374,"[0, 1, 14, 183]"
737,"[0, 1, 9, 190]"
146,"[0, 1, 9, 190]"
23,"[0, 17, 22, 107, 108, 207]"
110,"[0, 68, 82, 242]"
388,"[0, 17, 36, 110]"
419,"[0, 17, 36, 110]"
894,"[0, 39, 64, 222]"
1636,"[0, 39, 64, 222]"
1744,"[0, 39, 64, 222]"
1171,"[0, 39, 64, 222]"
250,"[0, 39, 64, 222]"
1261,"[0, 39, 67, 134]"
43,"[0, 39, 67, 134]"
319,"[0, 39, 67, 373]"
428,"[0, 39, 62, 66, 221, 342]"
246,"[0, 39, 66, 227]"
406,"[0, 39, 62, 66, 221, 342]"
802,"[0, 39, 66, 226]"
237,"[0, 1, 13, 186]"
815,"[0, 1, 13, 186]"
446,"[0, 1, 13, 186]"
1375,"[0, 68, 245, 247]"
1177,"[0, 68, 78, 245]"
1568,"[0, 17, 23, 209]"
1325,"[0, 17, 23, 209]"
1244,"[0, 17, 23, 208]"
53,"[0, 17, 23, 208]"
156,"[0, 17, 23, 208]"
1,"[0, 17, 23, 211]"
178,"[0, 1, 12, 179]"
1098,"[0, 1, 12, 177]"
308,"[0, 39, 64, 223]"
332,"[0, 39, 64, 223]"
951,"[0, 17, 103, 197]"
1596,"[0, 17, 35, 105]"
1653,"[0, 17, 28, 105]"
1012,"[0, 17, 105, 106]"
424,"[0, 39, 56, 214]"
436,"[0, 39, 47, 212]"
547,"[0, 39, 47, 212, 302, 303, 304, 370]"
1753,"[0, 39, 42, 46]"
1064,"[0, 39, 42, 46]"
1571,"[0, 39, 42, 46]"
551,"[0, 17, 30, 32, 38, 104]"
1439,"[0, 68, 69, 238]"
1253,"[0, 68, 82, 242]"
136,"[0, 1, 7, 180]"
1384,"[0, 1, 6, 164]"
843,"[0, 17, 19, 102]"
1662,"[0, 17, 35, 105]"
1053,"[0, 1, 5, 167, 314]"
1285,"[0, 39, 42, 126]"
114,"[0, 17, 198, 308]"
420,"[0, 1, 5, 166]"
98,"[0, 1, 96, 98, 145, 156]"
1106,"[0, 1, 9, 190]"
1141,"[0, 1, 6, 164]"
1635,"[0, 1, 6, 164]"
190,"[0, 1, 6, 163, 164]"
702,"[0, 17, 21, 103]"
675,"[0, 17, 21, 103]"
259,"[0, 17, 35, 105]"
476,"[0, 17, 105, 106]"
359,"[0, 1, 3, 96]"
885,"[0, 39, 45, 130]"
730,"[0, 68, 76, 242]"
1174,"[0, 39, 50, 138]"
997,"[0, 39, 50, 137]"
181,"[0, 39, 50, 137]"
151,"[0, 1, 14, 183]"
360,"[0, 1, 12, 179]"
1047,"[0, 1, 12, 179]"
1404,"[0, 1, 12, 179]"
593,"[0, 17, 32, 39, 43, 55, 104, 119, 123]"
804,"[0, 17, 31, 104]"
1082,"[0, 68, 82, 242]"
613,"[0, 68, 82, 242]"
1273,"[0, 39, 42, 119, 120, 283]"
221,"[0, 39, 55, 119]"
1614,"[0, 39, 42, 55, 119, 128]"
1290,"[0, 17, 22, 202]"
883,"[0, 17, 22, 49, 202, 269]"
1324,"[0, 68, 242, 244]"
123,"[0, 39, 43, 123]"
408,"[0, 39, 43, 123]"
1743,"[0, 39, 43, 123]"
1665,"[0, 39, 61, 221]"
1017,"[0, 39, 61, 221]"
1132,"[0, 17, 19, 102]"
508,"[0, 39, 40, 214]"
988,"[0, 39, 42, 55, 119, 128]"
563,"[0, 39, 42, 55, 119, 128]"
164,"[0, 1, 14, 371]"
1481,"[0, 1, 13, 187]"
381,"[0, 1, 12, 179]"
828,"[0, 1, 12, 179]"
699,"[0, 1, 12, 179]"
1764,"[0, 1, 9, 190]"
78,"[0, 1, 9, 189]"
231,"[0, 39, 64, 225]"
1256,"[0, 1, 16, 193]"
528,"[0, 1, 16, 191, 192]"
338,"[0, 1, 16, 191, 192]"
1368,"[0, 17, 27, 114]"
1666,"[0, 39, 65, 139]"
1329,"[0, 39, 65, 139]"
1609,"[0, 39, 45, 129]"
1302,"[0, 39, 42, 46]"
1645,"[0, 68, 85, 242, 244]"
514,"[0, 17, 29, 117]"
235,"[0, 17, 25, 107]"
887,"[0, 17, 25, 36, 107, 110]"
1274,"[0, 17, 30, 32, 38, 104, 194, 195]"
660,"[0, 17, 103, 199]"
184,"[0, 1, 6, 162]"
777,"[0, 1, 9, 17, 30, 38, 190, 194]"
915,"[0, 17, 30, 38, 194]"
72,"[0, 17, 20, 103]"
429,"[0, 17, 35, 105]"
1164,"[0, 17, 18, 102]"
1212,"[0, 17, 32, 104]"
1267,"[0, 17, 32, 104]"
1136,"[0, 17, 32, 104]"
1759,"[0, 17, 32, 104]"
839,"[0, 17, 32, 104]"
1491,"[0, 17, 27, 113]"
1067,"[0, 17, 27, 113]"
155,"[0, 17, 29, 116]"
1731,"[0, 68, 70, 238]"
48,"[0, 68, 238, 241]"
253,"[0, 68, 80, 237]"
751,"[0, 39, 67, 134]"
989,"[0, 17, 49, 266]"
1266,"[0, 17, 22, 200]"
435,"[0, 17, 22, 200]"
661,"[0, 1, 14, 371]"
1603,"[0, 1, 14, 183, 234]"
1656,"[0, 1, 14, 371]"
1526,"[0, 1, 14, 183, 234]"
1362,"[0, 1, 232, 233]"
1159,"[0, 1, 13, 186]"
1534,"[0, 39, 56, 214]"
407,"[0, 68, 78, 245]"
1323,"[0, 68, 79, 245]"
138,"[0, 68, 242, 244, 245, 250]"
215,"[0, 39, 47, 213]"
906,"[0, 39, 121, 122]"
1533,"[0, 39, 48, 215]"
1691,"[0, 39, 42, 44]"
1517,"[0, 17, 33, 104]"
1183,"[0, 17, 23, 208]"
525,"[0, 39, 45, 131]"
466,"[0, 39, 45, 131]"
1127,"[0, 39, 53, 57, 61, 123, 215, 221]"
1688,"[0, 39, 57, 215]"
875,"[0, 39, 62, 66, 221, 227]"
1748,"[0, 39, 62, 66, 221, 342]"
552,"[0, 39, 62, 66, 221, 227]"
620,"[0, 17, 31, 104]"
587,"[0, 1, 96, 98, 147, 156, 159]"
1204,"[0, 1, 98, 147]"
160,"[0, 1, 9, 190]"
1026,"[0, 1, 9, 189]"
471,"[0, 1, 9, 189]"
119,"[0, 1, 9, 190]"
1284,"[0, 1, 9, 190]"
1416,"[0, 17, 18, 30, 102, 194]"
928,"[0, 17, 28, 105]"
555,"[0, 17, 29, 117]"
225,"[0, 17, 29, 116]"
841,"[0, 17, 29, 116]"
1757,"[0, 68, 85, 242]"
962,"[0, 68, 73, 242]"
51,"[0, 68, 82, 242]"
857,"[0, 1, 12, 179]"
991,"[0, 1, 12, 177]"
263,"[0, 1, 13, 186]"
340,"[0, 1, 14, 39, 43, 123, 183]"
9,"[0, 39, 64, 225]"
807,"[0, 39, 64, 222]"
1089,"[0, 17, 49, 266]"
1570,"[0, 17, 22, 200]"
1058,"[0, 17, 22, 201]"
1194,"[0, 17, 22, 205]"
573,"[0, 17, 25, 107]"
1111,"[0, 39, 58, 220]"
1584,"[0, 39, 215, 216]"
1031,"[0, 1, 96, 157]"
387,"[0, 1, 96, 158, 159]"
344,"[0, 1, 3, 96]"
102,"[0, 1, 3, 96]"
830,"[0, 1, 14, 371]"
688,"[0, 39, 42, 44]"
608,"[0, 17, 27, 113]"
785,"[0, 17, 27, 112]"
1617,"[0, 17, 27, 113]"
93,"[0, 68, 78, 245]"
1621,"[0, 68, 242, 374]"
1528,"[0, 68, 245, 247]"
1761,"[0, 39, 57, 215]"
177,"[0, 39, 57, 215]"
752,"[0, 17, 24, 36, 107, 110]"
513,"[0, 17, 24, 36, 107, 110]"
1052,"[0, 39, 64, 223]"
683,"[0, 68, 69, 238]"
871,"[0, 68, 72, 74, 76, 83, 242]"
467,"[0, 39, 42, 46]"
1275,"[0, 17, 107, 108]"
179,"[0, 17, 107, 108]"
1387,"[0, 17, 198, 307]"
1745,"[0, 17, 198, 308]"
762,"[0, 86, 99, 279]"
897,"[0, 39, 62, 66, 221, 227]"
128,"[0, 39, 62, 66, 221, 226]"
1220,"[0, 39, 62, 66, 221, 227]"
877,"[0, 39, 62, 66, 221, 342]"
1679,"[0, 39, 62, 66, 221, 227]"
656,"[0, 1, 13, 186]"
1218,"[0, 1, 13, 187]"
1118,"[0, 1, 13, 186]"
1438,"[0, 1, 6, 162]"
1382,"[0, 39, 56, 214]"
298,"[0, 1, 11, 155]"
112,"[0, 17, 30, 194]"
1698,"[0, 68, 76, 242]"
85,"[0, 1, 8, 172]"
413,"[0, 1, 8, 173]"
1553,"[0, 17, 32, 104]"
242,"[0, 17, 22, 205]"
1519,"[0, 17, 30, 194]"
1573,"[0, 86, 99, 279, 280]"
1200,"[0, 39, 43, 123]"
1317,"[0, 1, 96, 157]"
945,"[0, 17, 49, 270]"
1483,"[0, 1, 98, 147]"
504,"[0, 17, 22, 327]"
1377,"[0, 39, 67, 134]"
1424,"[0, 1, 8, 168]"
1336,"[0, 1, 8, 169]"
1469,"[0, 17, 31, 104]"
961,"[0, 39, 67, 134]"
385,"[0, 17, 18, 19, 20, 21, 102, 103]"
21,"[0, 17, 18, 102]"
103,"[0, 39, 51, 119]"
669,"[0, 1, 98, 147]"
537,"[0, 1, 12, 176]"
1227,"[0, 39, 65, 139]"
946,"[0, 68, 73, 242]"
755,"[0, 1, 98, 151]"
1350,"[0, 1, 5, 165, 166]"
8,"[0, 1, 98, 146]"
773,"[0, 1, 98, 149]"
664,"[0, 68, 69, 238]"
333,"[0, 1, 8, 171]"
1403,"[0, 39, 42, 126]"
321,"[0, 1, 14, 234]"
578,"[0, 1, 98, 147]"
1773,"[0, 1, 2, 98]"
238,"[0, 39, 53, 123]"
1453,"[0, 1, 12, 176]"
892,"[0, 39, 42, 283]"
765,"[0, 1, 8, 173]"
1618,"[0, 17, 29, 116]"
2,"[0, 1, 98, 150]"
783,"[0, 1, 2, 98]"
1029,"[0, 1, 98, 150]"
970,"[0, 1, 6, 164]"
607,"[0, 39, 65, 152]"
1719,"[0, 68, 73, 242]"
600,"[0, 1, 7, 180, 312]"
1065,"[0, 1, 8, 171, 173]"
1135,"[0, 1, 8, 171]"
337,"[0, 1, 98, 150]"
1334,"[0, 39, 41, 42, 125]"
1672,"[0, 17, 29, 116]"
1238,"[0, 1, 98, 145]"
1231,"[0, 1, 98, 145, 149]"
597,"[0, 1, 5, 165]"
1093,"[0, 1, 8, 175]"
1726,"[0, 17, 29, 116]"
311,"[0, 39, 65, 152]"
1225,"[0, 1, 8, 175]"
219,"[0, 39, 123, 299]"
649,"[0, 39, 64, 222]"
234,"[0, 68, 76, 242]"
485,"[0, 17, 30, 195, 196]"
948,"[0, 39, 65, 152]"
1586,"[0, 1, 98, 147]"
1725,"[0, 39, 42, 126]"
662,"[0, 39, 41, 42]"
1328,"[0, 68, 80, 236]"
1307,"[0, 68, 73, 242]"
455,"[0, 68, 73, 242]"
38,"[0, 1, 98, 147]"
1115,"[0, 1, 12, 176]"
37,"[0, 39, 62, 221]"
1448,"[0, 17, 49, 337]"
216,"[0, 17, 49, 266]"
412,"[0, 17, 49, 337]"
1423,"[0, 1, 6, 162]"
20,"[0, 17, 35, 105]"
1412,"[0, 39, 60, 221]"
159,"[0, 39, 42, 127]"
845,"[0, 1, 96, 156]"
494,"[0, 39, 59, 221]"
564,"[0, 39, 59, 62, 221]"
955,"[0, 17, 30, 38]"
1125,"[0, 17, 30, 38]"
1504,"[0, 1, 9, 190]"
39,"[0, 39, 67, 133]"
57,"[0, 39, 67, 133]"
330,"[0, 39, 45, 132]"
1142,"[0, 1, 8, 172]"
1196,"[0, 1, 8, 173]"
697,"[0, 1, 8, 175]"
575,"[0, 17, 22, 200]"
1195,"[0, 17, 25, 107]"
1059,"[0, 17, 22, 200]"
417,"[0, 1, 9, 15]"
224,"[0, 1, 9, 15]"
784,"[0, 17, 102, 235]"
1402,"[0, 17, 102, 235]"
1299,"[0, 17, 49, 268]"
1320,"[0, 17, 22, 300]"
1120,"[0, 17, 22, 204]"
1642,"[0, 17, 37, 104]"
325,"[0, 17, 37, 104]"
1237,"[0, 17, 37, 104]"
66,"[0, 17, 37, 104]"
939,"[0, 17, 32, 104]"
460,"[0, 17, 32, 104]"
74,"[0, 17, 22, 202]"
299,"[0, 17, 103, 199]"
726,"[0, 17, 26, 107]"
1537,"[0, 17, 26, 107]"
391,"[0, 17, 26, 107]"
1092,"[0, 1, 16, 191]"
172,"[0, 1, 16, 193]"
530,"[0, 1, 12, 176]"
1004,"[0, 1, 12, 177]"
158,"[0, 17, 104, 297]"
876,"[0, 39, 42, 283]"
500,"[0, 39, 42, 128]"
891,"[0, 1, 11, 153]"
6,"[0, 1, 96, 157]"
425,"[0, 1, 98, 151]"
1434,"[0, 1, 98, 150]"
236,"[0, 1, 6, 164]"
200,"[0, 1, 98, 145]"
1515,"[0, 1, 6, 163]"
633,"[0, 1, 98, 146]"
366,"[0, 1, 98, 147]"
1249,"[0, 1, 98, 145]"
628,"[0, 1, 98, 145]"
893,"[0, 1, 98, 145]"
1485,"[0, 1, 11, 154]"
1013,"[0, 1, 96, 156]"
1450,"[0, 1, 96, 156]"
701,"[0, 1, 98, 377]"
1588,"[0, 17, 29, 116]"
903,"[0, 1, 98, 145]"
1025,"[0, 1, 98, 145]"
729,"[0, 1, 96, 156]"
700,"[0, 1, 98, 145]"
1169,"[0, 1, 98, 146]"
1730,"[0, 1, 11, 154]"
478,"[0, 1, 98, 145]"
924,"[0, 1, 98, 145]"
1520,"[0, 1, 98, 145]"
598,"[0, 1, 98, 145]"
432,"[0, 1, 98, 145]"
1074,"[0, 1, 98, 146]"
1638,"[0, 1, 10, 232]"
1524,"[0, 1, 10, 232]"
1322,"[0, 1, 98, 147]"
805,"[0, 1, 98, 147]"
796,"[0, 1, 98, 150]"
1493,"[0, 1, 98, 150]"
189,"[0, 1, 98, 149]"
1769,"[0, 1, 98, 147]"
721,"[0, 1, 98, 144]"
1288,"[0, 1, 98, 144]"
1652,"[0, 39, 51, 119]"
691,"[0, 1, 98, 144]"
1722,"[0, 1, 98, 146, 147]"
411,"[0, 1, 98, 147]"
1133,"[0, 1, 2, 98]"
152,"[0, 1, 8, 168]"
529,"[0, 1, 8, 168]"
256,"[0, 1, 8, 168]"
979,"[0, 1, 8, 168]"
790,"[0, 1, 8, 168]"
558,"[0, 1, 12, 177]"
95,"[0, 1, 98, 147]"
1138,"[0, 1, 98, 145]"
553,"[0, 1, 98, 145]"
1139,"[0, 1, 12, 176]"
111,"[0, 1, 8, 168, 170]"
301,"[0, 1, 8, 168, 170]"
121,"[0, 1, 98, 145]"
1088,"[0, 1, 98, 145]"
1444,"[0, 1, 98, 145]"
1380,"[0, 39, 42, 44]"
1395,"[0, 1, 98, 145]"
992,"[0, 1, 98, 145]"
422,"[0, 1, 98, 146]"
357,"[0, 1, 98, 149]"
1592,"[0, 1, 98, 149]"
233,"[0, 1, 96, 156]"
206,"[0, 1, 98, 145]"
1383,"[0, 1, 96, 156]"
141,"[0, 1, 98, 146]"
405,"[0, 1, 98, 146]"
1254,"[0, 1, 98, 149]"
1567,"[0, 1, 98, 149]"
901,"[0, 1, 10, 232]"
775,"[0, 1, 8, 173]"
1248,"[0, 1, 8, 171]"
31,"[0, 1, 8, 173]"
1175,"[0, 1, 14, 371]"
362,"[0, 1, 2, 98]"
987,"[0, 1, 98, 146]"
495,"[0, 39, 55, 119]"
1576,"[0, 39, 121, 122]"
473,"[0, 1, 10, 232]"
925,"[0, 1, 11, 153]"
1494,"[0, 1, 96, 156]"
251,"[0, 1, 5, 166]"
1308,"[0, 39, 41, 42]"
399,"[0, 1, 8, 168]"
935,"[0, 1, 12, 176]"
1268,"[0, 1, 7, 182]"
135,"[0, 1, 12, 176]"
290,"[0, 1, 12, 176]"
619,"[0, 1, 98, 145]"
629,"[0, 1, 98, 145]"
243,"[0, 39, 41, 42]"
1110,"[0, 1, 98, 146]"
244,"[0, 1, 98, 146]"
335,"[0, 1, 98, 146]"
395,"[0, 1, 98, 145]"
80,"[0, 1, 98, 145]"
1337,"[0, 1, 98, 146]"
1023,"[0, 1, 98, 146]"
958,"[0, 39, 51, 119]"
108,"[0, 1, 98, 146]"
696,"[0, 1, 98, 146]"
1077,"[0, 1, 98, 145]"
1428,"[0, 1, 98, 145]"
1095,"[0, 1, 11, 154]"
1707,"[0, 1, 98, 146]"
1762,"[0, 39, 121, 122]"
1597,"[0, 39, 42, 126, 283]"
865,"[0, 1, 98, 147]"
650,"[0, 1, 6, 163]"
1499,"[0, 1, 6, 163]"
694,"[0, 1, 98, 147]"
1671,"[0, 1, 98, 147]"
1341,"[0, 39, 58, 218]"
453,"[0, 17, 22, 39, 64, 204, 222]"
531,"[0, 1, 8, 175]"
638,"[0, 39, 42, 283]"
538,"[0, 39, 67, 133]"
204,"[0, 1, 11, 153]"
1075,"[0, 1, 98, 145]"
1372,"[0, 1, 96, 159]"
1286,"[0, 1, 5, 166]"
12,"[0, 1, 5, 166]"
1717,"[0, 39, 123, 299]"
131,"[0, 1, 2, 98]"
562,"[0, 1, 6, 164]"
1735,"[0, 39, 43, 123]"
487,"[0, 39, 123, 124]"
1516,"[0, 68, 69, 238]"
725,"[0, 1, 14, 39, 50, 338, 371]"
180,"[0, 1, 98, 144]"
566,"[0, 1, 98, 146]"
107,"[0, 1, 98, 146]"
482,"[0, 1, 98, 144]"
348,"[0, 1, 98, 146]"
1153,"[0, 1, 98, 144]"
86,"[0, 1, 98, 146]"
1565,"[0, 1, 98, 146]"
223,"[0, 17, 29, 116]"
667,"[0, 17, 28, 105]"
104,"[0, 17, 18, 102]"
1510,"[0, 17, 29, 116]"
477,"[0, 1, 98, 149]"
895,"[0, 1, 98, 146]"
1032,"[0, 1, 98, 146]"
449,"[0, 39, 53, 123]"
22,"[0, 1, 98, 146, 147]"
690,"[0, 17, 29, 116]"
1051,"[0, 1, 9, 189]"
1456,"[0, 1, 98, 377]"
1007,"[0, 1, 96, 156]"
379,"[0, 1, 6, 163]"
1581,"[0, 1, 98, 145]"
981,"[0, 1, 98, 146]"
1009,"[0, 39, 43, 123]"
747,"[0, 1, 5, 167]"
560,"[0, 39, 55, 119]"
592,"[0, 39, 42, 128]"
44,"[0, 1, 98, 147]"
1226,"[0, 1, 10, 232]"
277,"[0, 1, 9, 188]"
911,"[0, 1, 98, 146]"
960,"[0, 1, 98, 150]"
1050,"[0, 39, 43, 123]"
1723,"[0, 39, 67, 134]"
825,"[0, 1, 98, 147]"
1414,"[0, 1, 6, 162]"
625,"[0, 1, 98, 147]"
34,"[0, 1, 98, 146]"
1327,"[0, 1, 98, 145]"
1626,"[0, 1, 98, 146]"
1605,"[0, 1, 96, 159]"
403,"[0, 1, 98, 146]"
905,"[0, 1, 98, 145]"
1300,"[0, 1, 98, 146]"
1611,"[0, 1, 98, 146]"
1114,"[0, 1, 2, 98]"
993,"[0, 39, 43, 123]"
1422,"[0, 1, 98, 147]"
1205,"[0, 1, 98, 147]"
1658,"[0, 1, 98, 145]"
733,"[0, 1, 98, 145]"
868,"[0, 1, 98, 145]"
1069,"[0, 1, 6, 163]"
1232,"[0, 1, 98, 146]"
944,"[0, 1, 98, 146]"
1664,"[0, 1, 10, 232]"
1729,"[0, 1, 10, 232]"
1541,"[0, 1, 10, 232]"
626,"[0, 1, 98, 145]"
584,"[0, 1, 98, 147]"
170,"[0, 1, 98, 147]"
427,"[0, 1, 98, 144]"
544,"[0, 1, 98, 145]"
1233,"[0, 1, 98, 144]"
1173,"[0, 1, 98, 144]"
1207,"[0, 1, 98, 146]"
663,"[0, 1, 98, 146]"
969,"[0, 39, 51, 119]"
1357,"[0, 1, 98, 146]"
1489,"[0, 1, 98, 147]"
239,"[0, 1, 6, 162]"
1604,"[0, 1, 9, 188]"
232,"[0, 1, 9, 188]"
1496,"[0, 1, 6, 164]"
1721,"[0, 39, 123, 124]"
475,"[0, 1, 98, 147]"
916,"[0, 68, 76, 242]"
309,"[0, 39, 47, 212]"
316,"[0, 1, 12, 176]"
1624,"[0, 1, 12, 177]"
1161,"[0, 1, 12, 177]"
205,"[0, 1, 5, 166, 167]"
616,"[0, 1, 6, 164]"
866,"[0, 1, 8, 173]"
1396,"[0, 39, 42, 283]"
1754,"[0, 39, 50, 138]"
1054,"[0, 1, 8, 174]"
502,"[0, 39, 65, 152]"
492,"[0, 39, 45, 131]"
1365,"[0, 39, 43, 123]"
512,"[0, 1, 6, 164]"
731,"[0, 1, 96, 98, 156, 350]"
836,"[0, 17, 29, 116]"
1140,"[0, 1, 8, 174]"
125,"[0, 1, 8, 174]"
1683,"[0, 1, 8, 175]"
356,"[0, 1, 7, 180]"
254,"[0, 1, 7, 180, 181]"
1408,"[0, 17, 49, 266]"
1477,"[0, 39, 62, 221]"
681,"[0, 39, 62, 221]"
1305,"[0, 1, 98, 147]"
198,"[0, 1, 98, 147]"
1229,"[0, 1, 98, 147]"
1167,"[0, 1, 98, 147]"
1411,"[0, 1, 9, 188]"
872,"[0, 1, 98, 147]"
1467,"[0, 1, 98, 147]"
1104,"[0, 1, 98, 147]"
1276,"[0, 39, 53, 123]"
314,"[0, 1, 8, 170]"
368,"[0, 1, 8, 171]"
480,"[0, 17, 29, 116]"
322,"[0, 17, 29, 116]"
1046,"[0, 1, 8, 173]"
209,"[0, 1, 8, 174]"
1705,"[0, 1, 7, 180]"
858,"[0, 17, 29, 116]"
739,"[0, 1, 5, 39, 65, 139, 167]"
813,"[0, 17, 32, 104]"
520,"[0, 17, 32, 104]"
680,"[0, 17, 49, 266]"
864,"[0, 17, 22, 204]"
70,"[0, 1, 8, 168]"
533,"[0, 1, 8, 168]"
1130,"[0, 1, 8, 168]"
995,"[0, 1, 8, 168]"
328,"[0, 1, 8, 171]"
126,"[0, 1, 96, 156]"
1154,"[0, 17, 29, 116]"
46,"[0, 1, 7, 180]"
1468,"[0, 1, 12, 177]"
1346,"[0, 1, 12, 178]"
1085,"[0, 1, 8, 168]"
287,"[0, 17, 32, 104]"
941,"[0, 1, 8, 173]"
1295,"[0, 68, 78, 245]"
1165,"[0, 68, 77, 245]"
1343,"[0, 68, 242, 244]"
270,"[0, 1, 8, 168]"
273,"[0, 1, 7, 180]"
1740,"[0, 1, 98, 147]"
497,"[0, 1, 98, 147]"
1321,"[0, 1, 98, 147]"
1738,"[0, 68, 78, 245]"
1310,"[0, 1, 98, 147]"
1583,"[0, 1, 8, 168]"
820,"[0, 1, 8, 169]"
1426,"[0, 1, 8, 171]"
1160,"[0, 1, 8, 172]"
581,"[0, 1, 98, 146]"
1700,"[0, 1, 98, 146]"
469,"[0, 1, 98, 146]"
642,"[0, 1, 98, 147]"
639,"[0, 1, 98, 147]"
1179,"[0, 1, 8, 168]"
191,"[0, 1, 7, 180]"
648,"[0, 1, 8, 168]"
1022,"[0, 1, 8, 168]"
689,"[0, 1, 8, 169]"
536,"[0, 1, 8, 169]"
712,"[0, 1, 8, 171]"
214,"[0, 1, 8, 171]"
162,"[0, 1, 6, 163]"
3,"[0, 1, 8, 168]"
947,"[0, 1, 8, 168]"
1646,"[0, 68, 80, 345]"
30,"[0, 68, 80, 237]"
1260,"[0, 17, 32, 104]"
207,"[0, 39, 45, 129]"
1342,"[0, 1, 8, 169]"
289,"[0, 1, 8, 171]"
556,"[0, 1, 8, 169]"
674,"[0, 1, 8, 169]"
1639,"[0, 1, 8, 168]"
445,"[0, 1, 8, 173]"
1240,"[0, 1, 8, 173]"
226,"[0, 1, 2, 98]"
1466,"[0, 1, 232, 233]"
1727,"[0, 1, 96, 158]"
421,"[0, 17, 32, 104]"
1371,"[0, 1, 8, 174]"
879,"[0, 17, 28, 105]"
971,"[0, 39, 43, 123]"
1073,"[0, 39, 45, 130]"
797,"[0, 17, 32, 104]"
1677,"[0, 17, 32, 104]"
1615,"[0, 17, 32, 104]"
1417,"[0, 1, 98, 144]"
401,"[0, 39, 65, 139]"
1544,"[0, 39, 65, 139]"
1363,"[0, 1, 10, 232]"
1129,"[0, 39, 65, 139]"
1061,"[0, 1, 7, 180]"
1590,"[0, 1, 7, 180]"
1242,"[0, 1, 98, 145]"
1625,"[0, 1, 7, 180]"
1763,"[0, 1, 98, 145]"
358,"[0, 1, 8, 169]"
837,"[0, 1, 8, 173]"
1415,"[0, 1, 8, 173]"
586,"[0, 17, 29, 116]"
4,"[0, 17, 32, 104]"
285,"[0, 17, 32, 104]"
1487,"[0, 39, 45, 130]"
264,"[0, 17, 28, 105]"
852,"[0, 68, 82, 242]"
1463,"[0, 68, 80, 236]"
1599,"[0, 68, 75, 242]"
218,"[0, 86, 99, 282]"
1397,"[0, 17, 18, 102]"
1222,"[0, 39, 65, 142]"
801,"[0, 39, 65, 142]"
1039,"[0, 1, 98, 147]"
1755,"[0, 68, 80, 236]"
611,"[0, 39, 121, 359]"
1529,"[0, 39, 51, 119]"
1756,"[0, 39, 51, 119]"
1602,"[0, 1, 8, 171]"
83,"[0, 1, 8, 169]"
847,"[0, 1, 98, 147]"
1643,"[0, 1, 98, 147]"
1391,"[0, 68, 80, 236]"
602,"[0, 68, 80, 236]"
1211,"[0, 39, 121, 122]"
630,"[0, 1, 8, 168]"
440,"[0, 1, 8, 168]"
372,"[0, 1, 98, 147]"
814,"[0, 68, 73, 242]"
1768,"[0, 68, 75, 242]"
13,"[0, 1, 8, 171]"
898,"[0, 1, 98, 147]"
1539,"[0, 1, 98, 147]"
1344,"[0, 1, 98, 147]"
153,"[0, 1, 98, 147]"
99,"[0, 1, 98, 147]"
140,"[0, 68, 75, 242]"
1507,"[0, 68, 80, 236]"
1458,"[0, 68, 73, 242]"
1506,"[0, 39, 53, 123]"
1432,"[0, 39, 53, 123]"
1497,"[0, 1, 8, 168]"
1076,"[0, 1, 8, 168]"
154,"[0, 1, 8, 168]"
1330,"[0, 1, 98, 147]"
129,"[0, 1, 98, 151]"
766,"[0, 1, 98, 151]"
926,"[0, 1, 98, 147]"
1728,"[0, 39, 65, 152]"
1155,"[0, 1, 8, 173]"
1452,"[0, 1, 98, 150]"
347,"[0, 1, 98, 151]"
7,"[0, 39, 67, 134]"
1622,"[0, 39, 43, 123]"
369,"[0, 1, 11, 154, 155]"
1630,"[0, 68, 69, 238]"
451,"[0, 1, 11, 155]"
1518,"[0, 39, 65, 140]"
1144,"[0, 1, 98, 145]"
1392,"[0, 1, 98, 151]"
1178,"[0, 17, 32, 104]"
320,"[0, 1, 98, 150]"
1400,"[0, 1, 98, 147]"
647,"[0, 39, 67, 133]"
1668,"[0, 39, 67, 134]"
1150,"[0, 1, 12, 176]"
326,"[0, 1, 12, 176]"
1538,"[0, 1, 98, 150]"
1158,"[0, 39, 52, 121]"
745,"[0, 39, 121, 301]"
832,"[0, 39, 42, 125]"
643,"[0, 39, 65, 139]"
718,"[0, 39, 45, 129]"
1465,"[0, 1, 14, 184]"
1243,"[0, 17, 22, 207]"
838,"[0, 39, 60, 221]"
1675,"[0, 1, 98, 147]"
963,"[0, 39, 58, 218]"
307,"[0, 1, 13, 186]"
930,"[0, 39, 56, 214]"
1349,"[0, 1, 6, 164]"
855,"[0, 39, 65, 142]"
1381,"[0, 17, 29, 116]"
848,"[0, 1, 14, 185]"
364,"[0, 1, 14, 185]"
835,"[0, 1, 14, 234]"
824,"[0, 1, 14, 234]"
18,"[0, 1, 12, 176]"
778,"[0, 39, 45, 129]"
1765,"[0, 39, 62, 221]"
1034,"[0, 17, 29, 117]"
295,"[0, 39, 65, 139]"
1578,"[0, 39, 65, 143]"
65,"[0, 39, 215, 216]"
1209,"[0, 17, 22, 202]"
1503,"[0, 1, 14, 371]"
604,"[0, 39, 62, 221]"
817,"[0, 17, 26, 107]"
1224,"[0, 1, 5, 167]"
439,"[0, 39, 51, 119]"
1019,"[0, 39, 65, 139]"
1401,"[0, 39, 65, 152]"
1472,"[0, 39, 65, 152]"
1043,"[0, 39, 119, 120]"
705,"[0, 39, 42, 126]"
271,"[0, 39, 62, 221]"
1699,"[0, 39, 62, 221]"
1767,"[0, 1, 98, 145]"
281,"[0, 1, 8, 168]"
1547,"[0, 1, 8, 168]"
1057,"[0, 39, 65, 152]"
116,"[0, 39, 65, 142]"
1737,"[0, 39, 65, 142]"
615,"[0, 39, 65, 152]"
1137,"[0, 39, 65, 152]"
1011,"[0, 17, 30, 38]"
433,"[0, 17, 29, 116]"
985,"[0, 17, 29, 116]"
571,"[0, 39, 42, 127]"
376,"[0, 39, 42, 127]"
1689,"[0, 39, 45, 129]"
1250,"[0, 68, 69, 238]"
937,"[0, 17, 35, 105]"
1733,"[0, 17, 30, 194]"
717,"[0, 39, 42, 126]"
1063,"[0, 39, 42, 126]"
1340,"[0, 1, 14, 234]"
265,"[0, 1, 14, 234]"
1660,"[0, 1, 14, 234]"
1119,"[0, 1, 14, 234]"
16,"[0, 1, 14, 234]"
113,"[0, 39, 42, 125]"
634,"[0, 1, 14, 184]"
1419,"[0, 17, 35, 105]"
1513,"[0, 68, 84, 242]"
990,"[0, 1, 13, 186]"
1697,"[0, 1, 8, 168]"
1647,"[0, 1, 14, 234]"
1714,"[0, 1, 14, 234]"
640,"[0, 68, 76, 242]"
10,"[0, 68, 69, 238]"
1555,"[0, 1, 8, 168]"
188,"[0, 39, 42, 128]"
470,"[0, 39, 65, 152]"
187,"[0, 39, 67, 134]"
1312,"[0, 39, 60, 221]"
720,"[0, 39, 65, 152]"
860,"[0, 39, 65, 152]"
33,"[0, 39, 65, 152]"
539,"[0, 39, 41, 42]"
534,"[0, 39, 119, 120]"
965,"[0, 39, 58, 218]"
1374,"[0, 39, 58, 218]"
1353,"[0, 39, 62, 221]"
1715,"[0, 39, 41, 42]"
1072,"[0, 39, 41, 42]"
1577,"[0, 39, 58, 218]"
1682,"[0, 39, 58, 218]"
139,"[0, 39, 58, 218]"
671,"[0, 39, 42, 125]"
957,"[0, 39, 42, 126]"
1708,"[0, 39, 42, 126]"
1279,"[0, 39, 42, 125]"
415,"[0, 1, 14, 184]"
1188,"[0, 39, 47, 213]"
772,"[0, 17, 22, 327]"
942,"[0, 1, 6, 163]"
32,"[0, 1, 98, 147]"
171,"[0, 1, 6, 163]"
163,"[0, 39, 65, 152]"
907,"[0, 39, 65, 152]"
910,"[0, 39, 65, 152]"
862,"[0, 39, 41, 42]"
1425,"[0, 39, 121, 122]"
173,"[0, 39, 121, 122]"
1304,"[0, 39, 121, 122]"
1219,"[0, 39, 65, 152]"
50,"[0, 39, 65, 152]"
1042,"[0, 39, 41, 42]"
389,"[0, 39, 121, 122]"
1712,"[0, 1, 96, 156]"
336,"[0, 39, 65, 152]"
703,"[0, 68, 73, 242]"
1338,"[0, 17, 49, 266]"
665,"[0, 1, 96, 156]"
11,"[0, 1, 96, 156]"
549,"[0, 1, 7, 180]"
1431,"[0, 1, 7, 180]"
782,"[0, 39, 65, 152]"
1525,"[0, 68, 84, 242]"
1157,"[0, 68, 73, 242]"
1079,"[0, 17, 49, 266]"
1037,"[0, 1, 5, 165]"
641,"[0, 1, 96, 157]"
1442,"[0, 1, 96, 157]"
1311,"[0, 1, 98, 145]"
28,"[0, 1, 98, 145]"
1181,"[0, 39, 53, 123]"
1661,"[0, 1, 96, 156]"
297,"[0, 1, 98, 148]"
757,"[0, 17, 32, 104]"
1124,"[0, 39, 121, 122]"
904,"[0, 39, 54, 121]"
1580,"[0, 39, 65, 140]"
888,"[0, 1, 13, 186]"
489,"[0, 68, 76, 242]"
196,"[0, 68, 69, 238]"
1145,"[0, 39, 67, 134]"
1734,"[0, 1, 98, 145]"
1128,"[0, 1, 98, 145]"
90,"[0, 39, 65, 152]"
579,"[0, 39, 65, 152]"
654,"[0, 1, 96, 157]"
1443,"[0, 1, 96, 157]"
543,"[0, 1, 98, 145]"
1246,"[0, 1, 98, 145]"
1235,"[0, 1, 98, 145]"
458,"[0, 1, 5, 166]"
972,"[0, 17, 32, 104]"
5,"[0, 17, 32, 104]"
1187,"[0, 39, 121, 122]"
1084,"[0, 39, 54, 121]"
1201,"[0, 39, 65, 142]"
1197,"[0, 1, 10, 232]"
443,"[0, 39, 67, 134]"
1631,"[0, 1, 9, 190]"
933,"[0, 17, 29, 118]"
63,"[0, 17, 29, 117]"
577,"[0, 39, 42, 128]"
302,"[0, 17, 22, 204]"
1202,"[0, 39, 56, 64, 214, 222]"
1352,"[0, 39, 67, 134]"
488,"[0, 39, 65, 141]"
1667,"[0, 1, 9, 15]"
668,"[0, 39, 42, 128]"
262,"[0, 17, 22, 205]"
1498,"[0, 17, 22, 205]"
1633,"[0, 1, 14, 371]"
978,"[0, 68, 74, 242]"
145,"[0, 39, 64, 222]"
727,"[0, 1, 5, 166]"
771,"[0, 1, 98, 146]"
448,"[0, 1, 12, 179]"
305,"[0, 17, 22, 201, 202]"
1364,"[0, 1, 9, 190]"
1720,"[0, 39, 56, 214]"
1003,"[0, 39, 64, 222, 313]"
402,"[0, 1, 9, 190]"
272,"[0, 1, 11, 153]"
350,"[0, 1, 11, 154]"
507,"[0, 1, 2, 98]"
1654,"[0, 1, 14, 234]"
1650,"[0, 39, 47, 212]"
1461,"[0, 39, 65, 152]"
1441,"[0, 1, 98, 146]"
143,"[0, 1, 11, 153]"
115,"[0, 1, 11, 155]"
878,"[0, 1, 11, 155]"
931,"[0, 1, 7, 181]"
346,"[0, 1, 7, 312]"
323,"[0, 17, 27, 112]"
384,"[0, 17, 27, 112]"
442,"[0, 1, 8, 171]"
1101,"[0, 1, 98, 145]"
923,"[0, 1, 96, 157]"
1522,"[0, 1, 96, 157, 158]"
266,"[0, 1, 14, 184]"
1000,"[0, 1, 14, 184]"
394,"[0, 1, 13, 186]"
1554,"[0, 1, 13, 186]"
999,"[0, 39, 65, 152]"
1527,"[0, 39, 65, 152]"
1033,"[0, 1, 98, 148]"
498,"[0, 1, 8, 173]"
1351,"[0, 1, 8, 170]"
874,"[0, 1, 8, 172]"
559,"[0, 1, 8, 172, 173]"
1214,"[0, 1, 5, 96, 98, 157, 166, 350]"
1535,"[0, 39, 41, 42]"
120,"[0, 1, 232, 233]"
1277,"[0, 1, 232, 233]"
1291,"[0, 1, 14, 185]"
779,"[0, 1, 14, 184]"
294,"[0, 313]"
1332,"[0, 1, 6, 163]"
1292,"[0, 1, 9, 190]"
400,"[0, 1, 9, 189]"
1373,"[0, 1, 8, 169]"
1752,"[0, 1, 3, 96]"
109,"[0, 1, 4, 160]"
1163,"[0, 1, 12, 179]"
418,"[0, 39, 42, 125]"
1228,"[0, 39, 42, 128]"
821,"[0, 68, 76, 242]"
1474,"[0, 1, 16, 191, 192]"
1747,"[0, 1, 16, 193]"
1112,"[0, 39, 121, 122]"
81,"[0, 39, 121, 122]"
1041,"[0, 39, 54, 121]"
58,"[0, 1, 6, 162]"
1561,"[0, 1, 9, 189]"
849,"[0, 1, 6, 164]"
1296,"[0, 39, 333]"
199,"[0, 39, 53, 123]"
1572,"[0, 313]"
768,"[0, 39, 43, 123, 313]"
77,"[0, 39, 43, 123, 124, 313, 360]"
1692,"[0, 17, 30, 38]"
1271,"[0, 17, 28, 105]"
174,"[0, 17, 28, 105]"
1245,"[0, 17, 32, 104]"
71,"[0, 39, 53, 123]"
1298,"[0, 39, 43, 123]"
192,"[0, 39, 67, 134]"
133,"[0, 39, 67, 134]"
1385,"[0, 1, 6, 163]"
1473,"[0, 1, 98, 147, 150]"
1347,"[0, 17, 22, 202]"
1315,"[0, 17, 22, 203]"
73,"[0, 17, 22, 203]"
759,"[0, 17, 22, 204]"
1234,"[0, 39, 59, 221]"
1585,"[0, 17, 32, 104]"
29,"[0, 17, 32, 104]"
1407,"[0, 1, 98, 149]"
194,"[0, 68, 80, 237]"
213,"[0, 68, 80, 237]"
499,"[0, 68, 84, 242]"
568,"[0, 39, 42, 128]"
167,"[0, 39, 42, 127]"
293,"[0, 68, 69, 238]"
913,"[0, 1, 12, 176]"
274,"[0, 1, 12, 176]"
938,"[0, 1, 8, 172, 174]"
1455,"[0, 1, 8, 172]"
920,"[0, 68, 245, 247]"
1262,"[0, 17, 18, 102]"
282,"[0, 17, 21, 103]"
1148,"[0, 17, 21, 103]"
1002,"[0, 17, 30, 195]"
352,"[0, 17, 107, 109]"
967,"[0, 17, 36, 332]"
908,"[0, 17, 103, 199]"
279,"[0, 39, 58, 218]"
371,"[0, 68, 242, 244]"
776,"[0, 68, 74, 242]"
241,"[0, 68, 74, 242]"
1010,"[0, 68, 238, 240]"
247,"[0, 68, 71, 242]"
1081,"[0, 68, 245, 250]"
1193,"[0, 17, 18, 102]"
1190,"[0, 17, 18, 102]"
1758,"[0, 17, 20, 103]"
303,"[0, 17, 19, 102]"
1203,"[0, 17, 21, 103]"
1760,"[0, 17, 103, 197]"
1186,"[0, 17, 30, 311]"
1030,"[0, 68, 245, 246]"
890,"[0, 68, 245, 246]"
1151,"[0, 68, 238, 240]"
82,"[0, 68, 70, 238]"
1280,"[0, 68, 245, 250]"
1418,"[0, 17, 36, 332]"
1399,"[0, 1, 9, 190]"
1389,"[0, 17, 22, 207]"
1564,"[0, 17, 31, 104]"
60,"[0, 17, 33, 104]"
36,"[0, 17, 33, 104]"
1495,"[0, 17, 33, 104]"
404,"[0, 17, 27, 112]"
1134,"[0, 17, 27, 113]"
353,"[0, 1, 13, 187]"
1557,"[0, 17, 26, 107]"
1771,"[0, 17, 22, 200]"
1674,"[0, 17, 23, 209]"
248,"[0, 17, 39, 107, 108, 215, 216]"
1695,"[0, 17, 22, 204]"
105,"[0, 17, 22, 204]"
1678,"[0, 17, 31, 104]"
953,"[0, 17, 49, 266]"
396,"[0, 39, 48, 215, 217]"
679,"[0, 39, 215, 216]"
1287,"[0, 39, 64, 223]"
14,"[0, 39, 62, 221]"
1215,"[0, 39, 59, 221]"
651,"[0, 39, 67, 134]"
682,"[0, 68, 78, 245]"
1501,"[0, 68, 82, 242]"
118,"[0, 1, 9, 15]"
1005,"[0, 1, 9, 15]"
486,"[0, 17, 198, 310]"
1199,"[0, 17, 33, 104]"
1523,"[0, 17, 37, 104]"
1563,"[0, 1, 13, 187]"
1258,"[0, 17, 23, 210]"
1097,"[0, 39, 50, 137]"
481,"[0, 39, 50, 138]"
1410,"[0, 39, 57, 215]"
397,"[0, 39, 42, 48, 215, 283]"
434,"[0, 39, 42, 44]"
964,"[0, 39, 64, 223]"
695,"[0, 39, 67, 372]"
870,"[0, 39, 67, 373]"
42,"[0, 68, 79, 245]"
557,"[0, 68, 245, 246]"
1749,"[0, 68, 245, 250]"
414,"[0, 1, 9, 15]"
447,"[0, 1, 6, 164]"
45,"[0, 1, 6, 163]"
550,"[0, 1, 3, 96]"
1126,"[0, 1, 12, 179]"
994,"[0, 1, 98, 147]"
1306,"[0, 39, 53, 123]"
130,"[0, 17, 30, 194]"
27,"[0, 17, 28, 105]"
390,"[0, 39, 42, 125]"
1409,"[0, 39, 55, 119]"
1359,"[0, 39, 42, 127]"
1170,"[0, 39, 42, 127]"
811,"[0, 39, 65, 141]"
1116,"[0, 39, 67, 134]"
1766,"[0, 39, 55, 119]"
511,"[0, 68, 83, 242]"
670,"[0, 68, 73, 242]"
791,"[0, 1, 98, 145]"
1470,"[0, 1, 98, 145]"
278,"[0, 1, 2, 98]"
64,"[0, 1, 2, 98]"
614,"[0, 1, 12, 176]"
918,"[0, 1, 98, 147]"
1313,"[0, 39, 65, 152]"
0,"[0, 39, 43, 123]"
1083,"[0, 39, 43, 123]"
56,"[0, 39, 55, 119]"
275,"[0, 39, 121, 122]"
493,"[0, 39, 42, 126]"
331,"[0, 39, 42, 127]"
166,"[0, 68, 73, 242]"
168,"[0, 39, 59, 221]"
940,"[0, 39, 47, 212]"
519,"[0, 39, 65, 139]"
1062,"[0, 39, 65, 139]"
510,"[0, 39, 47, 212]"
1247,"[0, 39, 47, 212]"
430,"[0, 39, 56, 214]"
1122,"[0, 39, 59, 221]"
1361,"[0, 39, 59, 221]"
724,"[0, 39, 60, 221]"
280,"[0, 39, 61, 221]"
1156,"[0, 39, 60, 221]"
743,"[0, 39, 62, 221]"
1549,"[0, 39, 62, 221]"
450,"[0, 1, 4, 8, 160, 168]"
1713,"[0, 1, 7, 181]"
715,"[0, 1, 7, 182]"
1086,"[0, 39, 61, 221]"
580,"[0, 17, 28, 105]"
728,"[0, 1, 98, 145]"
767,"[0, 1, 96, 157, 158]"
367,"[0, 39, 65, 142]"
134,"[0, 39, 42, 128]"
1595,"[0, 1, 9, 188, 190]"
503,"[0, 1, 98, 151]"
1490,"[0, 1, 2, 98]"
106,"[0, 1, 11, 154]"
1620,"[0, 1, 9, 190]"
1056,"[0, 68, 242, 244]"
1166,"[0, 1, 12, 177, 178]"
666,"[0, 39, 42, 44]"
909,"[0, 39, 42, 44]"
329,"[0, 39, 42, 44]"
491,"[0, 1, 10, 12, 98, 147, 177, 232]"
318,"[0, 1, 98, 146]"
735,"[0, 1, 98, 149]"
284,"[0, 17, 30, 194]"
1478,"[0, 86, 88, 260]"
1629,"[0, 1, 10, 232]"
291,"[0, 17, 35, 105]"
1718,"[0, 17, 104, 306]"
1297,"[0, 86, 88, 259]"
175,"[0, 86, 88, 260]"
296,"[0, 68, 238, 239]"
94,"[0, 1, 12, 17, 35, 105, 177]"
793,"[0, 1, 10, 14, 184, 232]"
1542,"[0, 1, 98, 150]"
208,"[0, 17, 18, 102]"
561,"[0, 1, 6, 164, 313]"
1710,"[0, 68, 77, 245]"
869,"[0, 68, 70, 238]"
1301,"[0, 39, 50, 138]"
770,"[0, 39, 65, 141]"
540,"[0, 17, 32, 104]"
437,"[0, 1, 6, 163]"
315,"[0, 17, 33, 104]"
185,"[0, 39, 47, 212]"
87,"[0, 17, 30, 38]"
1505,"[0, 68, 242, 244]"
1354,"[0, 39, 64, 222]"
1600,"[0, 1, 9, 15]"
1252,"[0, 17, 27, 113]"
884,"[0, 39, 59, 221]"
582,"[0, 1, 6, 317]"
565,"[0, 39, 43, 123]"
1014,"[0, 1, 12, 177]"
361,"[0, 17, 30, 194]"
1376,"[0, 1, 8, 172]"
1048,"[0, 39, 62, 221]"
792,"[0, 17, 22, 203]"
1613,"[0, 1, 96, 156]"
1270,"[0, 39, 67, 133]"
719,"[0, 1, 5, 166]"
1027,"[0, 39, 55, 119]"
354,"[0, 1, 98, 146]"
17,"[0, 1, 6, 162, 164]"
310,"[0, 1, 98, 145]"
899,"[0, 39, 123, 299]"
1770,"[0, 1, 98, 147]"
831,"[0, 39, 65, 152]"
637,"[0, 1, 98, 147]"
1390,"[0, 1, 8, 174]"
754,"[0, 1, 98, 145]"
806,"[0, 1, 8, 174]"
324,"[0, 1, 98, 145]"
1044,"[0, 1, 13, 186]"
618,"[0, 68, 72, 242]"
377,"[0, 17, 31, 104]"
1028,"[0, 68, 71, 242]"
823,"[0, 1, 14, 184]"
741,"[0, 17, 29, 118]"
1488,"[0, 17, 28, 105]"
1105,"[0, 68, 71, 242]"
693,"[0, 39, 50, 138]"
1454,"[0, 1, 16, 192]"
1024,"[0, 39, 215, 216]"
853,"[0, 39, 60, 221]"
646,"[0, 17, 22, 207]"
426,"[0, 68, 242, 244]"
312,"[0, 17, 30, 194]"
950,"[0, 1, 9, 15]"
803,"[0, 1, 9, 188]"
808,"[0, 17, 23, 209]"
1569,"[0, 68, 242, 374]"
1746,"[0, 17, 32, 104]"
150,"[0, 68, 69, 238]"
1331,"[0, 39, 43, 123]"
462,"[0, 68, 78, 245]"
1147,"[0, 39, 45, 131]"
827,"[0, 1, 6, 163]"
1445,"[0, 39, 51, 119]"
723,"[0, 17, 23, 209]"
585,"[0, 1, 98, 145]"
1628,"[0, 68, 77, 245]"
1113,"[0, 39, 42, 126]"
761,"[0, 68, 78, 245]"
75,"[0, 17, 22, 202]"
127,"[0, 1, 8, 173]"
822,"[0, 39, 59, 221]"
1502,"[0, 17, 49, 266]"
1335,"[0, 39, 65, 152]"
484,"[0, 1, 12, 176]"
601,"[0, 1, 9, 15]"
1500,"[0, 39, 53, 123, 124]"
496,"[0, 39, 41, 42]"
1601,"[0, 1, 14, 234]"
880,"[0, 17, 30, 39, 43, 123, 195]"
1558,"[0, 17, 30, 194, 195, 196]"
952,"[0, 1, 14, 183]"
472,"[0, 17, 30, 104, 196, 355]"
1741,"[0, 1, 8, 172]"
746,"[0, 1, 7, 318]"
1272,"[0, 39, 42, 128]"
1123,"[0, 17, 27, 112]"
1704,"[0, 17, 29, 116]"
89,"[0, 1, 6, 164]"
441,"[0, 1, 7, 14, 181, 324]"
423,"[0, 39, 42, 125]"
678,"[0, 39, 65, 139]"
454,"[0, 17, 22, 206]"
1612,"[0, 17, 22, 206]"
1751,"[0, 17, 22, 202]"
794,"[0, 1, 98, 149]"
1265,"[0, 1, 10, 17, 22, 204, 232]"
1511,"[0, 86, 88, 259, 262]"
809,"[0, 17, 22, 206]"
672,"[0, 17, 22, 203]"
283,"[0, 17, 22, 202]"
334,"[0, 1, 7, 180]"
673,"[0, 1, 9, 189]"
1637,"[0, 1, 9, 189]"
1316,"[0, 17, 104, 355]"
518,"[0, 39, 42, 127]"
304,"[0, 39, 53, 123]"
1038,"[0, 17, 30, 39, 53, 123, 194]"
351,"[0, 39, 65, 139]"
1100,"[0, 1, 232, 233]"
1319,"[0, 39, 53, 123]"
652,"[0, 1, 96, 156]"
1117,"[0, 39, 42, 127, 283]"
889,"[0, 1, 12, 176]"
842,"[0, 17, 18, 102]"
1687,"[0, 17, 30, 38, 194]"
203,"[0, 1, 9, 190]"
345,"[0, 1, 8, 175]"
1269,"[0, 17, 30, 35, 38, 105, 106]"
1532,"[0, 1, 9, 188]"
732,"[0, 17, 28, 105]"
269,"[0, 1, 14, 184]"
1060,"[0, 17, 32, 104]"
54,"[0, 1, 9, 190]"
698,"[0, 68, 84, 242]"
438,"[0, 39, 65, 152]"
1657,"[0, 1, 9, 188]"
100,"[0, 39, 119, 387]"
975,"[0, 39, 42, 283]"
740,"[0, 39, 42, 283]"
789,"[0, 68, 238, 239]"
1293,"[0, 1, 12, 176]"
132,"[0, 17, 39, 49, 62, 221, 337]"
764,"[0, 1, 6, 164]"
1659,"[0, 17, 29, 116]"
1045,"[0, 39, 67, 134]"
1345,"[0, 68, 78, 245]"
714,"[0, 68, 78, 245]"
1551,"[0, 68, 78, 245]"
26,"[0, 68, 84, 242]"
1546,"[0, 68, 70, 238]"
1149,"[0, 1, 7, 182]"
1476,"[0, 1, 5, 165]"
982,"[0, 1, 382]"
677,"[0, 39, 121, 301]"
653,"[0, 39, 121, 301]"
1146,"[0, 17, 32, 104]"
230,"[0, 1, 98, 146, 148]"
1096,"[0, 17, 32, 104]"
983,"[0, 17, 22, 206]"
1087,"[0, 17, 22, 207]"
474,"[0, 17, 22, 201]"
1018,"[0, 1, 68, 98, 146, 148, 245, 247]"
1610,"[0, 68, 80, 237]"
1182,"[0, 17, 23, 328]"
612,"[0, 1, 9, 15]"
1040,"[0, 39, 123, 124]"
829,"[0, 39, 64, 222]"
268,"[0, 1, 8, 173]"
609,"[0, 1, 6, 162]"
1318,"[0, 39, 48, 215]"
211,"[0, 39, 67, 372]"
1281,"[0, 68, 245, 368]"
1379,"[0, 39, 43, 123]"
142,"[0, 1, 3, 96]"
1508,"[0, 39, 42, 46]"
896,"[0, 39, 42, 46]"
856,"[0, 39, 42, 128]"
818,"[0, 39, 42, 128]"
1484,"[0, 17, 35, 105]"
980,"[0, 17, 24, 36, 107, 110]"
182,"[0, 17, 24, 107]"
1278,"[0, 39, 64, 223]"
1008,"[0, 1, 5, 167]"
1103,"[0, 1, 98, 147]"
798,"[0, 17, 20, 103]"
959,"[0, 39, 56, 214, 313]"
47,"[0, 1, 98, 146]"
1078,"[0, 1, 98, 151]"
516,"[0, 1, 98, 146]"
750,"[0, 39, 51, 55, 58, 119, 120, 219]"
193,"[0, 1, 98, 150]"
52,"[0, 1, 98, 150]"
546,"[0, 1, 98, 145]"
1176,"[0, 1, 96, 158]"
1670,"[0, 1, 6, 163]"
149,"[0, 39, 65, 152]"
949,"[0, 17, 30, 38]"
1512,"[0, 17, 35, 105]"
844,"[0, 1, 98, 147]"
1080,"[0, 17, 30, 32, 38, 104]"
383,"[0, 1, 12, 179]"
76,"[0, 1, 12, 179]"
1006,"[0, 1, 8, 319]"
252,"[0, 39, 67, 133]"
846,"[0, 1, 5, 316]"
1531,"[0, 1, 5, 316]"
1460,"[0, 17, 32, 104]"
1360,"[0, 1, 98, 145, 147]"
548,"[0, 1, 96, 156]"
1471,"[0, 1, 98, 148]"
541,"[0, 1, 98, 145]"
1094,"[0, 86, 87, 97]"
1701,"[0, 17, 20, 103]"
996,"[0, 17, 18, 102]"
606,"[0, 1, 98, 145]"
1509,"[0, 17, 18, 32, 102, 104]"
1686,"[0, 68, 242, 244]"
117,"[0, 68, 242, 244]"
851,"[0, 68, 242, 244]"
286,"[0, 68, 69, 238]"
569,"[0, 68, 69, 238]"
55,"[0, 1, 13, 186]"
1102,"[0, 1, 13, 186]"
1685,"[0, 1, 9, 15]"
220,"[0, 1, 9, 15]"
1593,"[0, 39, 58, 218]"
409,"[0, 39, 59, 221]"
686,"[0, 39, 59, 221]"
1545,"[0, 68, 245, 250]"
736,"[0, 1, 12, 179, 232, 365]"
124,"[0, 17, 198, 307, 308]"
1433,"[0, 1, 7, 181]"
84,"[0, 1, 7, 181]"
787,"[0, 1, 8, 171]"
327,"[0, 1, 96, 156]"
468,"[0, 1, 98, 147]"
59,"[0, 17, 27, 113]"
1591,"[0, 1, 98, 144]"
1479,"[0, 313]"
1530,"[0, 1, 9, 190]"
1236,"[0, 17, 33, 104]"
490,"[0, 17, 30, 194]"
342,"[0, 1, 7, 181]"
261,"[0, 1, 98, 148]"
554,"[0, 1, 98, 350]"
15,"[0, 1, 98, 149]"
1378,"[0, 1, 98, 350]"
1560,"[0, 1, 98, 350]"
1644,"[0, 17, 31, 104]"
1021,"[0, 17, 31, 104]"
1673,"[0, 1, 98, 350]"
1575,"[0, 1, 98, 350]"
227,"[0, 1, 98, 350]"
1739,"[0, 1, 98, 350]"
